RMSE,MAE,R2,Model,Dropped_Feature
20.194104046717968,16.520304559961264,-0.47979275067629534,LightGBM,USD_TO_NPR
21.411341554426727,18.082421247855244,-0.6635638529229158,Linear,USD_TO_NPR
23.981667347781745,19.323203298714237,-1.086942413352662,RandomForest,USD_TO_NPR
20.901211959845035,16.698296405227605,-0.5852386604136199,XGBoost,USD_TO_NPR
23.21073120948219,18.5357434844929,-0.954921670729348,LightGBM,is_weekend
21.504906790088164,18.175266716188894,-0.6781348067459292,Linear,is_weekend
29.076933944972634,24.071393283568376,-2.067954652652375,RandomForest,is_weekend
23.924395363259805,18.894164898042646,-1.0769864239189744,XGBoost,is_weekend
23.21073120948219,18.5357434844929,-0.954921670729348,LightGBM,Season_Monsoon
21.50159586329313,18.169348239583304,-0.6776181103628516,Linear,Season_Monsoon
28.947697212924435,23.894594899082207,-2.0407433036492075,RandomForest,Season_Monsoon
23.952520788274725,18.89227318553718,-1.0818726884969747,XGBoost,Season_Monsoon
23.21073120948219,18.5357434844929,-0.954921670729348,LightGBM,month
21.971166673777514,18.497182879599293,-0.7516928353279133,Linear,month
30.171527046856784,24.83735955655023,-2.303286929708501,RandomForest,month
24.14390985173308,19.103882041958695,-1.1152753968046003,XGBoost,month
23.210722387011625,18.53573629373956,-0.954920184586109,LightGBM,Hilly_Rainfall_MM
21.502488872277233,18.162256103308962,-0.6777574636614871,Linear,Hilly_Rainfall_MM
29.09673089398542,24.043138263057212,-2.0721336914714668,RandomForest,Hilly_Rainfall_MM
23.960307508675648,18.91744474004752,-1.083226499704403,XGBoost,Hilly_Rainfall_MM
23.719379134999446,19.0895519909258,-1.0415421473906585,LightGBM,Diesel
18.969511278654497,15.950213782130959,-0.30576192413360936,Linear,Diesel
26.05101140209604,22.182490269667074,-1.4626398012009632,RandomForest,Diesel
22.38498890598457,17.970607101495517,-0.8182997678602166,XGBoost,Diesel
23.206550988957567,18.523138857375113,-0.9542175767708247,LightGBM,is_festival
21.596574698436076,18.200937966738575,-0.6924719041640048,Linear,is_festival
28.86666939016647,23.92517499320726,-2.023744370821214,RandomForest,is_festival
24.03615221612638,18.9758412159393,-1.0964359942934903,XGBoost,is_festival
23.12019798392778,18.701677476141988,-0.9397011076080384,LightGBM,Supply_Volume
21.783660502857558,18.752213607107127,-0.7219218468764363,Linear,Supply_Volume
25.36020995925479,21.000839895093552,-1.3337665236769136,RandomForest,Supply_Volume
23.709359323618923,18.73368244873488,-1.0398176885399306,XGBoost,Supply_Volume
23.4255469531763,18.76026942237693,-0.9912747922024467,LightGBM,Inflation
22.349084515325917,19.099623170689153,-0.8124715238885292,Linear,Inflation
34.008917503044245,28.312986075688862,-3.1969841936862915,RandomForest,Inflation
25.197446355482036,20.224417590199828,-1.303906101291286,XGBoost,Inflation
23.178280418623853,18.48908414621815,-0.9494591622862536,LightGBM,Hilly_Temperature
21.680578826712633,18.38016678918762,-0.7056639160482296,Linear,Hilly_Temperature
29.17916827865987,24.150893960856525,-2.0895664014442117,RandomForest,Hilly_Temperature
23.99793326326564,18.942152523219804,-1.0897743716662678,XGBoost,Hilly_Temperature
23.207131724374776,18.52366781257603,-0.954315385149185,LightGBM,Kathmandu_Rainfall_MM
21.56069840732996,18.189596196787612,-0.6868534964515018,Linear,Kathmandu_Rainfall_MM
29.14530092318531,24.064457561297356,-2.0823986357954785,RandomForest,Kathmandu_Rainfall_MM
23.95334426908354,18.93738232223566,-1.0820158393319543,XGBoost,Kathmandu_Rainfall_MM
23.07705722286284,18.39203233055706,-0.9324691529997884,LightGBM,Sarlahi_Temperature
21.880870744920273,18.847355092067975,-0.7373243938915415,Linear,Sarlahi_Temperature
28.98740459889627,23.958786589267618,-2.0490909643465307,RandomForest,Sarlahi_Temperature
23.9531341024269,18.899031997295065,-1.081979304275848,XGBoost,Sarlahi_Temperature
23.122430190212107,18.413448599514044,-0.9400756737793383,LightGBM,day
21.4295445258799,18.04591398527652,-0.6663936314653895,Linear,day
28.79113380210937,23.765039541937885,-2.0079405745558856,RandomForest,day
23.83867481453218,18.77997197395628,-1.0621295001858817,XGBoost,day
23.178705040218706,18.45183102352205,-0.9495305903668574,LightGBM,Sarlahi_Rainfall_MM
21.516184729276436,18.178745080557654,-0.6798954156333492,Linear,Sarlahi_Rainfall_MM
29.02113805317109,23.94280152553286,-2.0561917186547327,RandomForest,Sarlahi_Rainfall_MM
23.941594851458163,18.903692249063983,-1.0799738301871575,XGBoost,Sarlahi_Rainfall_MM
20.856039767141585,16.40789425348733,-0.5783939544536612,LightGBM,month_cos
21.12214235634027,17.656141195594348,-0.6189284193351259,Linear,month_cos
27.864402029489575,23.212388009006464,-1.81741726343901,RandomForest,month_cos
24.016648388156522,18.913323646297524,-1.093035122358652,XGBoost,month_cos
23.21073120948219,18.5357434844929,-0.954921670729348,LightGBM,Season_Spring
21.501595863293126,18.169348239583304,-0.6776181103628505,Linear,Season_Spring
28.99056516648989,23.936459622766918,-2.0497559002792483,RandomForest,Season_Spring
23.929555619886205,18.89284256146703,-1.0778824916067355,XGBoost,Season_Spring
21.72378811377018,17.286328734334056,-0.7124694506006732,LightGBM,month_sin
21.291859733566476,18.013363693601484,-0.6450492679029023,Linear,month_sin
26.728220773731305,22.17508683009616,-1.5923391345141895,RandomForest,month_sin
21.993982783926164,17.524132650217,-0.7553328394460295,XGBoost,month_sin
23.21073120948219,18.5357434844929,-0.954921670729348,LightGBM,day_of_week
21.5012242726373,18.16882357501898,-0.6775601256596573,Linear,day_of_week
28.88853699411027,23.915243860586333,-2.0283273096023136,RandomForest,day_of_week
23.952855643198408,18.919938430510705,-1.0819308978352957,XGBoost,day_of_week
23.21067377576194,18.535688449460086,-0.9549119960418573,LightGBM,Season_Autumn
21.50159586329316,18.169348239583336,-0.6776181103628565,Linear,Season_Autumn
28.937223221911132,23.989256855337807,-2.0385432698450674,RandomForest,Season_Autumn
23.932880602609245,18.89473947132538,-1.0784599702267412,XGBoost,Season_Autumn
23.21073120948219,18.5357434844929,-0.954921670729348,LightGBM,Season_Winter
21.501595863293133,18.169348239583314,-0.6776181103628518,Linear,Season_Winter
29.024895148988527,24.018573973095968,-2.056983083098285,RandomForest,Season_Winter
23.92439514740417,18.894165820731157,-1.07698638644014,XGBoost,Season_Winter
